-- phpMyAdmin SQL Dump
-- version 4.8.4
-- https://www.phpmyadmin.net/
--
-- Host: 127.0.0.1:3306
-- Generation Time: Feb 28, 2019 at 07:20 PM
-- Server version: 5.7.24
-- PHP Version: 7.2.14

SET SQL_MODE = "NO_AUTO_VALUE_ON_ZERO";
SET AUTOCOMMIT = 0;
START TRANSACTION;
SET time_zone = "+00:00";


/*!40101 SET @OLD_CHARACTER_SET_CLIENT=@@CHARACTER_SET_CLIENT */;
/*!40101 SET @OLD_CHARACTER_SET_RESULTS=@@CHARACTER_SET_RESULTS */;
/*!40101 SET @OLD_COLLATION_CONNECTION=@@COLLATION_CONNECTION */;
/*!40101 SET NAMES utf8mb4 */;

--
-- Database: `mechanic`
--

-- --------------------------------------------------------

--
-- Table structure for table `tbl_country`
--

DROP TABLE IF EXISTS `tbl_country`;
CREATE TABLE IF NOT EXISTS `tbl_country` (
  `id` int(10) NOT NULL AUTO_INCREMENT,
  `country` varchar(100) NOT NULL,
  PRIMARY KEY (`id`)
) ENGINE=InnoDB AUTO_INCREMENT=108 DEFAULT CHARSET=latin1;

--
-- Dumping data for table `tbl_country`
--

INSERT INTO `tbl_country` (`id`, `country`) VALUES
(1, 'Afghanistan'),
(2, 'Algeria'),
(3, 'Antigua & Barbuda'),
(4, 'Argentina'),
(5, 'Australia'),
(6, 'Austria'),
(7, 'Bangladesh'),
(8, 'Belgium'),
(9, 'Bermuda'),
(10, 'Bhutan'),
(11, 'Brazil'),
(12, 'Bulgaria'),
(13, 'Myanmar'),
(14, 'Cambodia'),
(15, 'Cameroon'),
(16, 'Canada'),
(17, 'China'),
(18, 'Colombia'),
(19, 'Congo'),
(20, 'Costa Rica'),
(21, 'Croatia'),
(22, 'Cuba'),
(23, 'Czech Republic'),
(24, 'Denmark'),
(25, 'Ecuador'),
(26, 'Egypt'),
(27, 'El Salvador'),
(28, 'Fiji'),
(29, 'Finland'),
(30, 'France'),
(31, 'Georgia'),
(32, 'Germany'),
(33, 'Ghana'),
(34, 'Greece'),
(35, 'Guyana'),
(36, 'Hungary'),
(37, 'Iceland'),
(38, 'India'),
(39, 'Indonesia'),
(40, 'Iran'),
(41, 'Iraq'),
(42, 'Italy'),
(43, 'Jamaica'),
(44, 'Japan'),
(45, 'Jordan'),
(46, 'Kazakhstan'),
(47, 'Kenya'),
(48, 'Kuwait'),
(49, 'Latvia'),
(51, 'Jamaica'),
(52, 'Japan'),
(53, 'Jordan'),
(54, 'Kazakhstan'),
(55, 'Kenya'),
(56, 'Kuwait'),
(57, 'Latvia'),
(58, 'Libya'),
(59, 'Madagascar'),
(60, 'Malaysia'),
(61, 'Maldives'),
(62, 'Mali'),
(63, 'Mauritius'),
(64, 'Mexico'),
(65, 'Mongolia'),
(66, 'Morocco'),
(67, 'Namibia'),
(68, 'Nepal'),
(69, 'Netherlands'),
(70, 'New Zealand'),
(71, 'North Korea'),
(72, 'Norway'),
(73, 'Oman'),
(74, 'Pakistan'),
(75, 'Papua New Guinea'),
(76, 'Philippines'),
(77, 'Poland'),
(78, 'Portugal'),
(79, 'Qatar'),
(80, 'Romania'),
(81, 'Saint Lucia'),
(82, 'Saudi Arabia'),
(83, 'Sierra Leone'),
(84, 'Singapore'),
(85, 'Somalia'),
(86, 'South Africa'),
(87, 'South Korea'),
(88, 'South Sudan'),
(89, 'Spain'),
(90, 'Sri Lanka'),
(91, 'Suriname'),
(92, 'Sweden'),
(93, 'Switzerland'),
(94, 'Syria'),
(95, 'Tajikistan'),
(96, 'Tanzania'),
(97, 'Thailand'),
(98, 'Trinidad & Tobago'),
(99, 'Turkey'),
(100, 'Uganda'),
(101, 'Ukraine'),
(102, 'United Arab Emirates'),
(103, 'United States of America (USA)'),
(104, 'Uruguay'),
(105, 'Venezuela'),
(106, 'Vietnam'),
(107, 'Zimbabwe');

-- --------------------------------------------------------

--
-- Table structure for table `tbl_repairs`
--

DROP TABLE IF EXISTS `tbl_repairs`;
CREATE TABLE IF NOT EXISTS `tbl_repairs` (
  `repair_id` int(15) NOT NULL AUTO_INCREMENT,
  `mechanic_id` int(15) NOT NULL,
  `vehicle_id` int(15) NOT NULL,
  `repair_comment` varchar(500) NOT NULL,
  PRIMARY KEY (`repair_id`)
) ENGINE=MyISAM AUTO_INCREMENT=30 DEFAULT CHARSET=latin1;

--
-- Dumping data for table `tbl_repairs`
--

INSERT INTO `tbl_repairs` (`repair_id`, `mechanic_id`, `vehicle_id`, `repair_comment`) VALUES
(9, 1, 27, 'tyers change'),
(10, 4, 28, 'alignment'),
(11, 4, 28, 'tyre air'),
(12, 4, 29, 'supernatural oil change'),
(13, 4, 29, 'tyre damage'),
(14, 4, 29, 'left tyre alignment'),
(15, 4, 29, 'battery problem'),
(16, 4, 35, 'Tyre change'),
(17, 4, 37, 'Oil Change'),
(18, 4, 50, 'oil change'),
(19, 4, 52, 'Car Wash'),
(20, 4, 52, 'alignment'),
(21, 4, 53, 'Oil Change'),
(22, 4, 56, 'alignment'),
(23, 6, 57, 'abc'),
(24, 6, 63, 'Oil Change'),
(25, 6, 63, 'tyers change'),
(26, 6, 63, 'alignment'),
(27, 4, 64, 'Oil Change'),
(28, 6, 65, 'Oil Change'),
(29, 6, 65, 'tyers change');

-- --------------------------------------------------------

--
-- Table structure for table `tbl_state`
--

DROP TABLE IF EXISTS `tbl_state`;
CREATE TABLE IF NOT EXISTS `tbl_state` (
  `state_id` int(11) NOT NULL AUTO_INCREMENT,
  `country_id` int(11) NOT NULL,
  `state` varchar(100) NOT NULL,
  PRIMARY KEY (`state_id`)
) ENGINE=InnoDB AUTO_INCREMENT=342 DEFAULT CHARSET=latin1;

--
-- Dumping data for table `tbl_state`
--

INSERT INTO `tbl_state` (`state_id`, `country_id`, `state`) VALUES
(1, 1, 'Kabul'),
(2, 1, 'Kandahar'),
(3, 1, 'Herat'),
(4, 1, 'Mazar-i-Sharif'),
(5, 2, 'Algiers'),
(6, 2, 'Algiers'),
(7, 2, 'Constantine'),
(8, 2, 'Annaba'),
(9, 2, 'Blida'),
(10, 3, 'Bolans'),
(11, 3, 'Carlisle'),
(12, 3, 'Codrington'),
(13, 3, 'Freetown'),
(14, 3, 'Jennings'),
(15, 3, 'Liberta'),
(16, 3, 'Parham'),
(17, 3, 'Swetes'),
(18, 3, 'Willikies'),
(19, 4, 'Moreno '),
(20, 4, 'La Rioja '),
(21, 4, 'Río Cuarto'),
(22, 4, 'Ituzaingo '),
(23, 5, 'New South Wales'),
(24, 5, 'Norfolk Island'),
(25, 5, 'Northern Territory'),
(26, 5, 'Queensland'),
(27, 5, 'South Australia'),
(28, 5, 'Tasmania'),
(29, 5, 'Victoria'),
(30, 6, 'Burgenland '),
(31, 6, 'Kärnten '),
(32, 6, 'Niederösterreich '),
(33, 6, 'Oberösterreich '),
(34, 6, 'Salzburg '),
(35, 6, 'Tirol '),
(36, 7, 'Dhaka'),
(37, 7, 'Chittagong'),
(38, 7, 'Khulna'),
(39, 7, 'Rajshahi'),
(40, 7, 'Barisal'),
(41, 7, 'Sylhet'),
(42, 7, 'Rangpur'),
(43, 7, 'Comilla'),
(44, 8, 'Antwerp'),
(45, 8, 'Ghent'),
(46, 8, 'Charleroi'),
(47, 8, 'Liege.'),
(48, 8, 'Brussels'),
(49, 8, 'Bruges'),
(50, 8, 'Namur.'),
(51, 9, 'Saint George '),
(52, 9, 'Hamilton '),
(53, 10, 'Chhukha'),
(54, 10, 'Daga'),
(55, 10, 'Damphu'),
(56, 10, 'Geylegphug'),
(57, 10, 'Jakar'),
(58, 10, 'Lhuntshi'),
(59, 10, 'Mongar'),
(60, 11, 'Amazonas'),
(61, 11, 'Para'),
(62, 11, 'Mato Grosso'),
(63, 11, 'Minas Gerais'),
(64, 12, 'Sofia'),
(65, 12, 'Plovdiv'),
(66, 12, 'Varna'),
(67, 12, 'Burgas'),
(68, 13, 'Kachin '),
(69, 13, 'Kayah '),
(70, 13, 'Kayin '),
(71, 13, 'Chin '),
(72, 13, 'Mon '),
(73, 13, 'Rakhine '),
(74, 14, 'Phnom Penh'),
(75, 14, 'Ta Khmau'),
(76, 14, 'Battambang'),
(77, 14, 'Serei Saophoan'),
(78, 14, 'Poipet'),
(79, 14, 'Kampot'),
(80, 15, 'Douala'),
(81, 16, 'Alberta'),
(82, 16, 'British Columbia'),
(83, 16, 'Manitoba'),
(84, 17, 'Guangzhou'),
(85, 17, 'Shanghai'),
(86, 17, 'Chongqing'),
(87, 17, 'Beijing'),
(88, 17, 'Hangzhou'),
(89, 18, 'Bolívar'),
(90, 18, 'Boyaca'),
(91, 18, 'Cauca'),
(92, 18, 'Cundinamarca'),
(93, 19, 'Niangara'),
(94, 19, 'Shabunda'),
(95, 20, 'Alajuela'),
(96, 20, 'Cartago'),
(97, 20, 'Guanacaste'),
(98, 21, 'Zagreb'),
(99, 21, 'Sisak'),
(100, 21, 'Samobor'),
(101, 22, 'Pinar del Río.'),
(102, 22, 'Havana.'),
(103, 22, 'Mayabeque.'),
(104, 22, 'Matanzas.'),
(105, 22, 'Cienfuegos.'),
(106, 23, 'Bratislava'),
(107, 23, 'Copenhagen'),
(108, 23, 'Aarhus'),
(109, 23, 'Odense'),
(110, 23, 'Aalborg'),
(111, 24, 'Carchi'),
(112, 25, 'Imbabura'),
(113, 25, 'Pichincha'),
(114, 26, 'Cairo'),
(115, 26, 'Alexandria'),
(116, 26, 'Giza'),
(117, 26, 'Shubra El Kheima'),
(118, 27, 'Acajutla '),
(119, 27, 'Apopa '),
(120, 27, 'Ilopango '),
(121, 27, 'Mejicanos '),
(122, 28, 'Lautoka'),
(123, 28, 'Suva'),
(124, 28, 'Nadi'),
(125, 29, 'Helsinki'),
(126, 29, 'Espoo'),
(127, 29, 'Tampere'),
(128, 29, 'Vantaa'),
(129, 30, 'Paris'),
(130, 30, 'Marseille'),
(131, 30, 'Lyon'),
(132, 30, 'Toulouse'),
(133, 31, 'Creed'),
(134, 32, 'Bavaria'),
(135, 32, 'Berlin'),
(136, 32, 'Bremen'),
(137, 32, 'Thuringia'),
(138, 33, 'Accra'),
(139, 33, 'Kumasi'),
(140, 33, 'Sekondi-Takoradi'),
(141, 33, 'Ashiaman'),
(142, 34, 'Athens '),
(143, 34, 'Sparta '),
(144, 34, 'Corinth '),
(145, 34, 'Syracuse '),
(146, 35, 'Georgetown'),
(147, 36, 'Budapest'),
(148, 36, 'Debrecen'),
(149, 36, 'Szeged'),
(150, 38, 'Andhra Pradesh'),
(151, 38, 'Arunachal Pradesh'),
(152, 38, 'Assam'),
(153, 38, 'Bihar'),
(154, 38, 'Chhattisgarh'),
(155, 38, 'Goa'),
(156, 38, 'Gujarat'),
(157, 38, 'Haryana'),
(158, 38, 'Himachal Pradesh'),
(159, 38, 'Jammu and Kashmir'),
(160, 38, 'Jharkhand'),
(161, 38, 'Karnataka'),
(162, 38, 'Kerala'),
(163, 38, 'Madhya Pradesh'),
(164, 38, 'Maharashtra'),
(165, 38, 'Manipur'),
(166, 38, 'Meghalaya'),
(167, 38, 'Mizoram'),
(168, 38, 'Nagaland'),
(169, 38, 'Odisha'),
(170, 38, 'Punjab'),
(171, 38, 'Rajasthan'),
(172, 38, 'Sikkim'),
(173, 38, 'Tamil Nadu'),
(174, 38, 'Telangana'),
(175, 38, 'Tripura'),
(176, 38, 'Uttar Pradesh'),
(177, 38, 'Uttarakhand'),
(178, 38, 'West Bengal'),
(179, 39, 'Bali'),
(180, 39, 'Java'),
(181, 39, 'Kalimantan'),
(182, 39, 'Timor'),
(183, 39, 'Sumatra'),
(184, 40, 'Tehran'),
(185, 40, 'Mashhad'),
(186, 40, 'Isfahan'),
(187, 40, 'Karaj'),
(188, 40, 'Tabriz'),
(189, 41, 'Baghdad'),
(190, 41, 'Fallujah'),
(191, 41, 'Najaf'),
(192, 41, 'Ramadi'),
(193, 42, 'Rome'),
(194, 42, 'Milan'),
(195, 42, 'Naples'),
(196, 42, 'Naples'),
(197, 43, 'Kingston'),
(198, 43, 'Montego Bay'),
(199, 44, 'Saitama'),
(200, 44, 'Sapporo'),
(201, 44, 'Sendai'),
(202, 44, 'Tokyo '),
(203, 45, 'Irbid'),
(204, 45, 'Russeifa'),
(205, 45, 'Al-Quwaysimah'),
(206, 45, 'Wadi as-Ser'),
(207, 46, 'Almaty'),
(208, 46, 'Arkalyk'),
(209, 47, 'Nairobi'),
(210, 47, 'Mombasa'),
(211, 47, 'Kisumu'),
(212, 48, 'Bayan'),
(213, 48, 'harq Al-Jabriya'),
(214, 49, 'Daugavpils'),
(215, 50, 'Tripoli'),
(216, 50, 'Benghazi'),
(217, 50, 'Derna'),
(218, 50, 'Ghadames'),
(219, 60, 'Selangor'),
(220, 60, ' Kuala Lumpur'),
(221, 60, 'Sabah'),
(222, 63, 'Beau Bassin-Rose Hill'),
(223, 63, 'Curepipe'),
(224, 64, 'Chihuahua'),
(225, 64, 'Sonora'),
(226, 64, 'Coahuila'),
(227, 65, 'Khamag Mongol Khanate'),
(228, 66, 'Souss Massa Draa'),
(229, 66, 'Gharb Chrarda Beni Hssen'),
(230, 66, 'Chaouia Ouardigha'),
(231, 67, 'Khomas'),
(232, 67, 'Erongo'),
(233, 68, 'Kathmandu'),
(234, 68, 'Pokhara Lekhnath'),
(235, 68, 'Lalitpur'),
(236, 69, 'Drenthe'),
(237, 69, 'Flevoland'),
(238, 69, 'Friesland'),
(239, 69, 'Gelderland'),
(240, 70, 'Auckland.'),
(241, 70, 'Wellington'),
(242, 70, 'Christchurch'),
(243, 70, 'Hamilton'),
(244, 70, 'Napier-Hastings.'),
(245, 70, 'Dunedin'),
(246, 71, 'South Pyongan'),
(247, 71, 'North Hamgyong'),
(248, 72, 'Oslo '),
(249, 72, 'Bergen'),
(250, 72, 'Trondheim'),
(251, 73, 'Adam'),
(252, 73, 'Bahla'),
(253, 74, 'Balochistan'),
(254, 74, 'Sindh'),
(255, 74, 'Karachi'),
(256, 74, 'Islamabad'),
(257, 74, 'Ravalpindi'),
(258, 74, 'Lahore'),
(259, 75, 'Port Moresby'),
(260, 75, 'Lae'),
(261, 76, 'Manila'),
(262, 76, 'Navotas'),
(263, 77, 'Lublin'),
(264, 77, 'Torun'),
(265, 78, 'Lisbon '),
(266, 78, 'Oporto '),
(267, 78, 'Braga'),
(268, 78, 'Amadora'),
(269, 79, 'Doha'),
(270, 79, 'Abu Thaylah'),
(271, 79, 'Al Ghanim.'),
(272, 82, 'Riyadh'),
(273, 82, 'Jeedah'),
(274, 82, 'Macca'),
(275, 84, 'Alexandra'),
(276, 84, 'Tanjong Pagar '),
(277, 86, 'Cape Town'),
(278, 86, 'Johannesburg'),
(279, 86, 'Durban'),
(280, 86, 'Port Elizabeth'),
(281, 86, 'Kimberley'),
(282, 87, 'Changwon'),
(283, 87, 'Goyang'),
(284, 87, 'Icheon'),
(285, 89, 'Badajoz'),
(286, 89, 'Barcelona'),
(287, 89, 'Cantabria'),
(288, 90, 'Colombo'),
(289, 90, 'Moratuwa'),
(290, 90, 'Kandy'),
(291, 90, 'Galle'),
(292, 90, 'Jaffna'),
(293, 92, 'Stockholm'),
(294, 92, 'Gothenburg'),
(295, 92, 'Linköping'),
(296, 93, 'Zürich'),
(297, 93, 'Geneva'),
(298, 94, 'Al-Qutayfah'),
(299, 94, 'Ras al-Ayn'),
(300, 94, 'Al-Safira'),
(301, 95, 'Dushanbe1'),
(302, 95, 'Khujand2'),
(303, 95, 'Kulob'),
(304, 97, 'Bangkok'),
(305, 97, 'Pattaya'),
(306, 97, 'Phuket'),
(307, 99, 'Mersin'),
(308, 99, 'Istanbul'),
(309, 99, 'Kars'),
(310, 102, 'Abu Dhabi'),
(311, 102, 'Sharjah '),
(312, 102, 'Dubai '),
(313, 103, 'Alabama'),
(314, 103, 'Alaska'),
(315, 103, 'Arizona'),
(316, 103, 'Arkansas'),
(317, 103, 'California'),
(318, 103, 'Colorado'),
(319, 103, 'Connecticut'),
(320, 103, 'Delaware'),
(321, 103, 'Florida'),
(322, 103, 'Georgia'),
(323, 103, 'Hawaii'),
(324, 103, 'Idaho'),
(325, 103, 'Illinois'),
(326, 103, 'Indiana'),
(327, 103, 'Iowa'),
(328, 103, 'Kansas'),
(329, 103, 'Kentucky'),
(330, 106, 'Louisiana'),
(331, 106, 'Maine'),
(332, 106, 'Maryland'),
(333, 103, 'Michigan'),
(334, 103, 'Mississippi'),
(335, 103, 'Montana'),
(336, 103, 'Nevada'),
(337, 105, 'Caracas '),
(338, 106, 'Can Tho'),
(339, 106, 'Da Nang'),
(340, 107, 'Bulawayo'),
(341, 107, 'Harare ');

-- --------------------------------------------------------

--
-- Table structure for table `tbl_users`
--

DROP TABLE IF EXISTS `tbl_users`;
CREATE TABLE IF NOT EXISTS `tbl_users` (
  `mechanic_id` int(11) NOT NULL AUTO_INCREMENT,
  `full_name` varchar(100) NOT NULL,
  `phone_no` varchar(20) NOT NULL,
  `email_id` varchar(50) NOT NULL,
  `pwd` varchar(50) NOT NULL,
  `con_pwd` varchar(50) NOT NULL,
  `street` varchar(50) NOT NULL,
  `city` varchar(50) NOT NULL,
  `state` varchar(50) NOT NULL,
  `country` varchar(50) NOT NULL,
  `date_time` date NOT NULL,
  `acess` varchar(20) NOT NULL,
  PRIMARY KEY (`mechanic_id`)
) ENGINE=MyISAM AUTO_INCREMENT=11 DEFAULT CHARSET=latin1;

--
-- Dumping data for table `tbl_users`
--

INSERT INTO `tbl_users` (`mechanic_id`, `full_name`, `phone_no`, `email_id`, `pwd`, `con_pwd`, `street`, `city`, `state`, `country`, `date_time`, `acess`) VALUES
(4, 'Arpi Shah', '8623246809', 'arpi.shah08@gmail.com', '832fe28bd637f88c2e7afcf92792161e', '832fe28bd637f88c2e7afcf92792161e', '6 Richard K Stevens Dr', 'North Attleboro', 'State1', 'Country1', '2019-02-12', 'approved'),
(6, 'Sachin Shah', '8623246805', 'sachin.s.shah@gmail.com', '9c182baae5f199a97e907712e0a60141', '9c182baae5f199a97e907712e0a60141', '65 E Washington St', 'North Attleboro', 'State1', 'Country1', '2019-02-13', 'approved'),
(7, 'Arpi Shah', '8623246809', 'arpi.shah089@gmail.com', '832fe28bd637f88c2e7afcf92792161e', '832fe28bd637f88c2e7afcf92792161e', '6 Richard K Stevens Dr', 'North Attleboro', 'Kachin ', 'Myanmar', '2019-02-15', '0'),
(8, 'Aayansh Shah', '44556622331', 'aayansh.shah@gmail.com', '82ba4649aa531777f9f46efed449f447', '82ba4649aa531777f9f46efed449f447', '6 Richard K Stevens Dr.', 'North Attleboro', 'Connecticut', 'United States of America (USA)', '2019-02-15', '0'),
(9, 'Akash Sathwara', '223344556688', 'akash.sathwara@gmail.com', 'cb7c5f69ff356ecca55b7d08df877991', 'cb7c5f69ff356ecca55b7d08df877991', '78 Elm St', 'North Attleboro', 'Battambang', 'Cambodia', '2019-02-18', '0'),
(10, 'ABC', '223344556', 'abc@gmail.com', 'e99a18c428cb38d5f260853678922e03', 'e99a18c428cb38d5f260853678922e03', '65 E Washington St APT 7301', 'North Attleboro', 'Para', 'Brazil', '2019-02-18', '0');

-- --------------------------------------------------------

--
-- Table structure for table `tbl_vehicle`
--

DROP TABLE IF EXISTS `tbl_vehicle`;
CREATE TABLE IF NOT EXISTS `tbl_vehicle` (
  `id` int(10) NOT NULL AUTO_INCREMENT,
  `mechanic_id` int(50) NOT NULL,
  `driver_name` varchar(50) NOT NULL,
  `contact_no` varchar(15) NOT NULL,
  `car_type` varchar(50) NOT NULL,
  `model_name` varchar(50) NOT NULL,
  `plate_no` varchar(50) NOT NULL,
  `filename` varchar(50) NOT NULL,
  `filename1` varchar(50) NOT NULL,
  PRIMARY KEY (`id`)
) ENGINE=MyISAM AUTO_INCREMENT=66 DEFAULT CHARSET=latin1;

--
-- Dumping data for table `tbl_vehicle`
--

INSERT INTO `tbl_vehicle` (`id`, `mechanic_id`, `driver_name`, `contact_no`, `car_type`, `model_name`, `plate_no`, `filename`, `filename1`) VALUES
(29, 4, 'Aayansh Shah', '11112233', 'Honda', '2009', 'BBB-AAC', '29420190214075159.php', ''),
(40, 4, 'Arpi Shah', '223355668899', 'Honda Civic', '2008', 'AAA-BBB1', '4042019-02-14.jpg', ''),
(39, 6, 'Sachin Shah', '5566889911', 'Hundai', '2005', 'AAA-BBB', '39620190220213321.jpg', '39620190220213321.jpg'),
(56, 4, 'CCV', '8623246809', 'Jacquer', '2003', 'XHR-TTU', '', ''),
(63, 6, 'BBB', '8623246809', 'Honda Civic', '2008', 'KKL-PPO89', '63620190220215640.jpg', '63620190220215640.jpg'),
(54, 4, 'Akash', '1122334455', 'Jacquer', '2018', 'VVB-NN7KJ', '', ''),
(62, 6, 'TTY', '8623246809', 'Jacquer', '2018', 'VVB-NN7', '', ''),
(64, 4, 'AAA', '8623246809', 'Hundai', '2008', 'VVB-NN79', '', ''),
(65, 6, 'TTY', '8623246809', 'Honda Civic', '2008', 'VVB-NN7K', '65620190228191835.jpg', '65620190228191835.jpg');
COMMIT;

/*!40101 SET CHARACTER_SET_CLIENT=@OLD_CHARACTER_SET_CLIENT */;
/*!40101 SET CHARACTER_SET_RESULTS=@OLD_CHARACTER_SET_RESULTS */;
/*!40101 SET COLLATION_CONNECTION=@OLD_COLLATION_CONNECTION */;
